<T3DataStructure>
 <meta>
  <langDisable>1</langDisable>
 </meta>
 <sheets>
  <query>
   <ROOT>
    <TCEforms>
     <sheetTitle>LLL:EXT:publist4ubma2/Resources/Private/Language/locallang_be.xlf:pi1_flexform.query</sheetTitle>
    </TCEforms>
    <type>array</type>
    <el>

     <settings.title>
      <TCEforms>
       <label>LLL:EXT:publist4ubma2/Resources/Private/Language/locallang_be.xlf:pi1_flexform.title</label>
       <config>
        <type>input</type>
        <size>30</size>
       </config>
      </TCEforms>
     </settings.title>

     <settings.author>
      <TCEforms>
       <label>LLL:EXT:publist4ubma2/Resources/Private/Language/locallang_be.xlf:pi1_flexform.author</label>
       <config>
        <type>input</type>
        <size>30</size>
       </config>
      </TCEforms>
     </settings.author>

     <settings.authorcombi>
      <TCEforms>
       <label>LLL:EXT:publist4ubma2/Resources/Private/Language/locallang_be.xlf:pi1_flexform.authorcombi</label>
       <config>
        <type>select</type>
        <items>
         <numIndex index="0">
          <numIndex index="0">LLL:EXT:publist4ubma2/Resources/Private/Language/locallang_be.xlf:pi1_flexform.authorcombi.or</numIndex>
          <numIndex index="1">or</numIndex>
         </numIndex>
         <numIndex    index="1">
          <numIndex index="0">LLL:EXT:publist4ubma2/Resources/Private/Language/locallang_be.xlf:pi1_flexform.authorcombi.and</numIndex>
          <numIndex index="1">and</numIndex>
         </numIndex>
        </items>
       </config>
      </TCEforms>
     </settings.authorcombi>

     <settings.excludeexternal>
      <TCEforms>
       <label>LLL:EXT:publist4ubma2/Resources/Private/Language/locallang_be.xlf:pi1_flexform.excludeexternal</label>
       <config>
        <type>check</type>
        <default>0</default>
       </config>
      </TCEforms>
     </settings.excludeexternal>

     <settings.searchtags>
      <TCEforms>
       <label>LLL:EXT:publist4ubma2/Resources/Private/Language/locallang_be.xlf:pi1_flexform.searchtags</label>
       <onChange>reload</onChange>
       <config>
        <type>check</type>
        <default>0</default>
       </config>
      </TCEforms>
     </settings.searchtags>

     <settings.tagstring>
      <TCEforms>
       <label>LLL:EXT:publist4ubma2/Resources/Private/Language/locallang_be.xlf:pi1_flexform.tagstring</label>
       <displayCond>FIELD:settings.searchtags:=:1</displayCond> 
       <config>
        <type>input</type>
        <size>30</size>
       </config>
      </TCEforms>
     </settings.tagstring>

     <settings.taglogic>
      <TCEforms>
       <label>LLL:EXT:publist4ubma2/Resources/Private/Language/locallang_be.xlf:pi1_flexform.taglogic</label>
       <displayCond>FIELD:settings.searchtags:=:1</displayCond>
       <config>
        <type>select</type>
        <default>0</default>
        <items>
         <numIndex index="0">
          <numIndex index="0">LLL:EXT:publist4ubma2/Resources/Private/Language/locallang_be.xlf:pi1_flexform.taglogic.or</numIndex>
          <numIndex index="1">or</numIndex>
         </numIndex>
         <numIndex index="1">
          <numIndex index="0">LLL:EXT:publist4ubma2/Resources/Private/Language/locallang_be.xlf:pi1_flexform.taglogic.and</numIndex>
          <numIndex index="1">and</numIndex> 
         </numIndex>
         <numIndex index="2">
          <numIndex index="0">LLL:EXT:publist4ubma2/Resources/Private/Language/locallang_be.xlf:pi1_flexform.taglogic.string</numIndex>
          <numIndex index="1">string</numIndex> 
         </numIndex>
        </items>
       </config>
      </TCEforms>
     </settings.taglogic>        

     <settings.tagkeysense>
      <TCEforms>
       <label>LLL:EXT:publist4ubma2/Resources/Private/Language/locallang_be.xlf:pi1_flexform.taglogic.tagkeysense</label>
       <displayCond>FIELD:settings.searchtags:=:1</displayCond>
       <config>
        <type>check</type>
        <default>1</default>
       </config>
      </TCEforms>
     </settings.tagkeysense>

     <settings.useadvancedtypesbytag>
      <TCEforms>
       <label>LLL:EXT:publist4ubma2/Resources/Private/Language/locallang_be.xlf:pi1_flexform.useadvancedtypesbytag</label>
       <onChange>reload</onChange>
       <config>
        <type>check</type>
        <default>0</default>
       </config>
      </TCEforms>
     </settings.useadvancedtypesbytag> 

     <settings.type>
      <TCEforms>
       <label>LLL:EXT:publist4ubma2/Resources/Private/Language/locallang_be.xlf:pi1_flexform.type</label>
       <displayCond>FIELD:settings.useadvancedtypesbytag:!=:1</displayCond>
       <config>
        <type>select</type>
        <maxitems>20</maxitems>
        <minitems>0</minitems>
        <multiple>0</multiple>
        <size>7</size>
        <default>all</default>
        <items>
         <numIndex index="0">
          <numIndex index="0">LLL:EXT:publist4ubma2/Resources/Private/Language/locallang_be.xlf:pi1_flexform.type.all</numIndex>
          <numIndex index="1">all</numIndex>
         </numIndex>
         <numIndex index="1">
          <numIndex index="0">LLL:EXT:publist4ubma2/Resources/Private/Language/locallang_be.xlf:pi1_flexform.type.article</numIndex>
          <numIndex index="1">article</numIndex> 
         </numIndex>
         <numIndex index="2">
          <numIndex index="0">LLL:EXT:publist4ubma2/Resources/Private/Language/locallang_be.xlf:pi1_flexform.type.book</numIndex>
          <numIndex index="1">book</numIndex> 
         </numIndex>
         <numIndex index="3">
          <numIndex index="0">LLL:EXT:publist4ubma2/Resources/Private/Language/locallang_be.xlf:pi1_flexform.type.book_section</numIndex>
          <numIndex index="1">book_section</numIndex>
         </numIndex>
         <numIndex index="4">
          <numIndex index="0">LLL:EXT:publist4ubma2/Resources/Private/Language/locallang_be.xlf:pi1_flexform.type.conference_item</numIndex>
          <numIndex index="1">conference_item</numIndex> 
         </numIndex>
         <numIndex index="5">
          <numIndex index="0">LLL:EXT:publist4ubma2/Resources/Private/Language/locallang_be.xlf:pi1_flexform.type.dissertation</numIndex>
          <numIndex index="1">dissertation</numIndex> 
         </numIndex>
         <numIndex index="6">
          <numIndex index="0">LLL:EXT:publist4ubma2/Resources/Private/Language/locallang_be.xlf:pi1_flexform.type.encyclopedia_article</numIndex>
          <numIndex index="1">encyclopedia_article</numIndex>
         </numIndex>
         <numIndex index="7">
          <numIndex index="0">LLL:EXT:publist4ubma2/Resources/Private/Language/locallang_be.xlf:pi1_flexform.type.habilitation</numIndex>
          <numIndex index="1">habilitation</numIndex> 
         </numIndex>
         <numIndex index="8">
          <numIndex index="0">LLL:EXT:publist4ubma2/Resources/Private/Language/locallang_be.xlf:pi1_flexform.type.journal</numIndex>
          <numIndex index="1">journal</numIndex> 
         </numIndex>
         <numIndex index="9">
          <numIndex index="0">LLL:EXT:publist4ubma2/Resources/Private/Language/locallang_be.xlf:pi1_flexform.type.other</numIndex>
          <numIndex index="1">other</numIndex>
         </numIndex>
         <numIndex index="10">
          <numIndex index="0">LLL:EXT:publist4ubma2/Resources/Private/Language/locallang_be.xlf:pi1_flexform.type.preprint</numIndex>
          <numIndex index="1">preprint</numIndex> 
         </numIndex>
         <numIndex index="11">
          <numIndex index="0">LLL:EXT:publist4ubma2/Resources/Private/Language/locallang_be.xlf:pi1_flexform.type.report</numIndex>
          <numIndex index="1">report</numIndex> 
         </numIndex>
         <numIndex index="12">
          <numIndex index="0">LLL:EXT:publist4ubma2/Resources/Private/Language/locallang_be.xlf:pi1_flexform.type.review</numIndex>
          <numIndex index="1">review</numIndex>
         </numIndex>
         <numIndex index="13">
          <numIndex index="0">LLL:EXT:publist4ubma2/Resources/Private/Language/locallang_be.xlf:pi1_flexform.type.thesis</numIndex>
          <numIndex index="1">thesis</numIndex>
         </numIndex>
         <numIndex index="14">
          <numIndex index="0">LLL:EXT:publist4ubma2/Resources/Private/Language/locallang_be.xlf:pi1_flexform.type.research_paper</numIndex>
          <numIndex index="1">research_paper</numIndex>
         </numIndex>
        </items>
       </config>
      </TCEforms>
     </settings.type>

     <settings.advancedtype>
      <TCEforms>
       <label>LLL:EXT:publist4ubma2/Resources/Private/Language/locallang_be.xlf:pi1_flexform.advancedtype</label>
       <displayCond>FIELD:settings.useadvancedtypesbytag:=:1</displayCond>
       <config>
        <type>select</type>
        <maxitems>20</maxitems>
        <minitems>0</minitems>
        <multiple>0</multiple>
        <size>7</size>
        <default>all</default>
        <items>
         <numIndex index="0">
          <numIndex index="0">LLL:EXT:publist4ubma2/Resources/Private/Language/locallang_be.xlf:pi1_flexform.type.all</numIndex>
          <numIndex index="1">all</numIndex>
         </numIndex>
         <numIndex index="1">
          <numIndex index="0">LLL:EXT:publist4ubma2/Resources/Private/Language/locallang_be.xlf:pi1_flexform.type.article</numIndex>
          <numIndex index="1">article</numIndex> 
         </numIndex>
         <numIndex index="2">
          <numIndex index="0">LLL:EXT:publist4ubma2/Resources/Private/Language/locallang_be.xlf:pi1_flexform.type.book</numIndex>
          <numIndex index="1">book</numIndex> 
         </numIndex>
         <numIndex index="3">
          <numIndex index="0">LLL:EXT:publist4ubma2/Resources/Private/Language/locallang_be.xlf:pi1_flexform.type.book_section</numIndex>
          <numIndex index="1">book_section</numIndex>
         </numIndex>
         <numIndex index="4">
          <numIndex index="0">LLL:EXT:publist4ubma2/Resources/Private/Language/locallang_be.xlf:pi1_flexform.type.conference_item</numIndex>
          <numIndex index="1">conference_item</numIndex> 
         </numIndex>
         <numIndex index="5">
          <numIndex index="0">LLL:EXT:publist4ubma2/Resources/Private/Language/locallang_be.xlf:pi1_flexform.type.dissertation</numIndex>
          <numIndex index="1">dissertation</numIndex> 
         </numIndex>
         <numIndex index="6">
          <numIndex index="0">LLL:EXT:publist4ubma2/Resources/Private/Language/locallang_be.xlf:pi1_flexform.type.encyclopedia_article</numIndex>
          <numIndex index="1">encyclopedia_article</numIndex>
         </numIndex>
         <numIndex index="7">
          <numIndex index="0">LLL:EXT:publist4ubma2/Resources/Private/Language/locallang_be.xlf:pi1_flexform.type.habilitation</numIndex>
          <numIndex index="1">habilitation</numIndex> 
         </numIndex>
         <numIndex index="8">
          <numIndex index="0">LLL:EXT:publist4ubma2/Resources/Private/Language/locallang_be.xlf:pi1_flexform.type.journal</numIndex>
          <numIndex index="1">journal</numIndex> 
         </numIndex>
         <numIndex index="9">
          <numIndex index="0">LLL:EXT:publist4ubma2/Resources/Private/Language/locallang_be.xlf:pi1_flexform.type.other</numIndex>
          <numIndex index="1">other</numIndex>
         </numIndex>
         <numIndex index="10">
          <numIndex index="0">LLL:EXT:publist4ubma2/Resources/Private/Language/locallang_be.xlf:pi1_flexform.type.preprint</numIndex>
          <numIndex index="1">preprint</numIndex> 
         </numIndex>
         <numIndex index="11">
          <numIndex index="0">LLL:EXT:publist4ubma2/Resources/Private/Language/locallang_be.xlf:pi1_flexform.type.report</numIndex>
          <numIndex index="1">report</numIndex> 
         </numIndex>
         <numIndex index="12">
          <numIndex index="0">LLL:EXT:publist4ubma2/Resources/Private/Language/locallang_be.xlf:pi1_flexform.type.review</numIndex>
          <numIndex index="1">review</numIndex>
         </numIndex>
         <numIndex index="13">
          <numIndex index="0">LLL:EXT:publist4ubma2/Resources/Private/Language/locallang_be.xlf:pi1_flexform.type.thesis</numIndex>
          <numIndex index="1">thesis</numIndex>
         </numIndex>
         <numIndex index="14">
          <numIndex index="0">LLL:EXT:publist4ubma2/Resources/Private/Language/locallang_be.xlf:pi1_flexform.type.research_paper</numIndex>
          <numIndex index="1">research_paper</numIndex>
         </numIndex>
         <numIndex index="15">
          <numIndex index="0">LLL:EXT:publist4ubma2/Resources/Private/Language/locallang_be.xlf:pi1_flexform.type.workshop_item</numIndex>
          <numIndex index="1">adv:workshop</numIndex>
         </numIndex>
         <numIndex index="16">
          <numIndex index="0">LLL:EXT:publist4ubma2/Resources/Private/Language/locallang_be.xlf:pi1_flexform.type.masterthesis</numIndex>
          <numIndex index="1">adv:masterthesis</numIndex>
         </numIndex>
         <numIndex index="17">
          <numIndex index="0">LLL:EXT:publist4ubma2/Resources/Private/Language/locallang_be.xlf:pi1_flexform.type.poster</numIndex>
          <numIndex index="1">adv:poster</numIndex>
         </numIndex>

        </items>
       </config>
      </TCEforms>
     </settings.advancedtype>

     <settings.years>
      <TCEforms>
       <label>LLL:EXT:publist4ubma2/Resources/Private/Language/locallang_be.xlf:pi1_flexform.years</label>
       <onChange>reload</onChange>
       <config>
        <type>select</type>
        <items>
         <numIndex index="0" type="array">
            <numIndex index="0">LLL:EXT:publist4ubma2/Resources/Private/Language/locallang_be.xlf:pi1_flexform.years.0</numIndex>
            <numIndex index="1">0</numIndex>
         </numIndex>
         <numIndex    index="1" type="array">
            <numIndex index="0">LLL:EXT:publist4ubma2/Resources/Private/Language/locallang_be.xlf:pi1_flexform.years.1</numIndex>
            <numIndex index="1">1</numIndex>
         </numIndex>
         <numIndex    index="2" type="array">
            <numIndex index="0">LLL:EXT:publist4ubma2/Resources/Private/Language/locallang_be.xlf:pi1_flexform.years.2</numIndex>
            <numIndex index="1">2</numIndex>
         </numIndex>
         <numIndex    index="3" type="array">
            <numIndex index="0">LLL:EXT:publist4ubma2/Resources/Private/Language/locallang_be.xlf:pi1_flexform.years.3</numIndex>
            <numIndex index="1">3</numIndex>
         </numIndex>
         <numIndex    index="4" type="array">
            <numIndex index="0">LLL:EXT:publist4ubma2/Resources/Private/Language/locallang_be.xlf:pi1_flexform.years.4</numIndex>
            <numIndex index="1">4</numIndex>
         </numIndex>
         <numIndex    index="5" type="array">
            <numIndex index="0">LLL:EXT:publist4ubma2/Resources/Private/Language/locallang_be.xlf:pi1_flexform.years.5</numIndex>
            <numIndex index="1">5</numIndex>
         </numIndex>
         <numIndex    index="6" type="array">
            <numIndex index="0">LLL:EXT:publist4ubma2/Resources/Private/Language/locallang_be.xlf:pi1_flexform.years.6</numIndex>
            <numIndex index="1">6</numIndex>
         </numIndex>
         <numIndex    index="7" type="array">
            <numIndex index="0">LLL:EXT:publist4ubma2/Resources/Private/Language/locallang_be.xlf:pi1_flexform.years.7</numIndex>
            <numIndex index="1">7</numIndex>
         </numIndex>
        </items>
        <maxitems>1</maxitems>
        <minitems>1</minitems>
        <size>1</size>
        <default>0</default>
       </config>
      </TCEforms>
     </settings.years>
     <settings.yearfrom>
      <TCEforms>
       <label>LLL:EXT:publist4ubma2/Resources/Private/Language/locallang_be.xlf:pi1_flexform.yearfrom</label>
       <displayCond>FIELD:settings.years:IN:3,4</displayCond>
       <config>
        <type>input</type>
        <size>4</size>
        <max>4</max>
        <eval>int</eval>
        <range>
         <upper>3000</upper>
         <lower>1900</lower>
        </range>
        <default>2000</default>
       </config>
      </TCEforms>
     </settings.yearfrom>
     <settings.yeartill>
      <TCEforms>
       <label>LLL:EXT:publist4ubma2/Resources/Private/Language/locallang_be.xlf:pi1_flexform.yeartill</label>
       <displayCond>FIELD:settings.years:IN:2,4</displayCond>
       <config>
        <type>input</type>
        <size>4</size>
        <max>4</max>
        <eval>int</eval>
        <range>
         <upper>3000</upper>
         <lower>1900</lower>
        </range>
        <default>2000</default>
       </config>
      </TCEforms>
     </settings.yeartill>
     <settings.yearthis>
      <TCEforms>
       <label>LLL:EXT:publist4ubma2/Resources/Private/Language/locallang_be.xlf:pi1_flexform.yearthis</label>
       <displayCond>FIELD:settings.years:=:1</displayCond>
       <config>
        <type>input</type>
        <size>4</size>
        <max>4</max>
        <eval>int</eval>
        <range>
         <upper>3000</upper>
         <lower>1900</lower>
        </range>
        <default>2000</default>
       </config>
      </TCEforms>
     </settings.yearthis>
     <settings.lastyearfrom>
      <TCEforms>
       <label>LLL:EXT:publist4ubma2/Resources/Private/Language/locallang_be.xlf:pi1_flexform.lastyearfrom</label>
       <displayCond>FIELD:settings.years:IN:5,7</displayCond>
       <config>
        <type>input</type>
        <size>4</size>
        <max>4</max>
        <eval>int</eval>
        <range>
         <upper>100</upper>
         <lower>0</lower>
        </range>
        <default>2</default>
       </config>
      </TCEforms>
     </settings.lastyearfrom>
     <settings.lastyeartill>
      <TCEforms>
       <label>LLL:EXT:publist4ubma2/Resources/Private/Language/locallang_be.xlf:pi1_flexform.lastyeartill</label>
       <displayCond>FIELD:settings.years:IN:6,7</displayCond>
       <config>
        <type>input</type>
        <size>4</size>
        <max>4</max>
        <eval>int</eval>
        <range>
         <upper>100</upper>
         <lower>0</lower>
        </range>
        <default>2</default>
       </config>
      </TCEforms>
     </settings.lastyeartill>

    </el>
   </ROOT>
  </query>

  <lsSelect>
   <ROOT>
    <TCEforms>
     <sheetTitle>LLL:EXT:publist4ubma2/Resources/Private/Language/locallang_be.xlf:pi1_flexform.lsSelect</sheetTitle>
    </TCEforms>
    <type>array</type>
    <el>

     <settings.icombination>
      <TCEforms>
       <label>LLL:EXT:publist4ubma2/Resources/Private/Language/locallang_be.xlf:pi1_flexform.icombination</label>
       <config>
        <type>select</type>
        <items>
         <numIndex index="0">
          <numIndex index="0">LLL:EXT:publist4ubma2/Resources/Private/Language/locallang_be.xlf:pi1_flexform.icombination.or</numIndex>
          <numIndex index="1">ANY</numIndex>
         </numIndex>
         <numIndex index="1">
          <numIndex index="0">LLL:EXT:publist4ubma2/Resources/Private/Language/locallang_be.xlf:pi1_flexform.icombination.and</numIndex>
          <numIndex index="1">ALL</numIndex>
         </numIndex>
        </items>
       </config>
      </TCEforms>
     </settings.icombination>

     <settings.institute10000>
      <TCEforms>
       <label>LLL:EXT:publist4ubma2/Resources/Private/Language/locallang_be.xlf:pi1_flexform.institute10000</label>
       <onChange>reload</onChange>
       <config>
        <type>check</type>
       </config>
      </TCEforms>
     </settings.institute10000>
     <settings.chairs10000>
      <TCEforms>
       <displayCond>FIELD:settings.institute10000:=:1</displayCond>
       <config>
        <my_inst>10000</my_inst>
        <type>select</type>
        <itemsProcFunc>Unima\Publist4ubma2\Hooks\ItemsProcFunc->renderChairs</itemsProcFunc>
        <items>
        </items>
        <size>10</size>
        <maxitems>10</maxitems> 
       </config>
      </TCEforms>
     </settings.chairs10000>

     <settings.institute20000>
      <TCEforms>
       <label>LLL:EXT:publist4ubma2/Resources/Private/Language/locallang_be.xlf:pi1_flexform.institute20000</label>
       <onChange>reload</onChange>
       <config>
        <type>check</type>
       </config>
      </TCEforms>
     </settings.institute20000>
     <settings.chairs20000>
      <TCEforms>
       <displayCond>FIELD:settings.institute20000:=:1</displayCond>
       <config>
        <my_inst>20000</my_inst>
        <type>select</type>
        <itemsProcFunc>Unima\Publist4ubma2\Hooks\ItemsProcFunc->renderChairs</itemsProcFunc>
        <items>
        </items>
        <size>10</size>
        <maxitems>10</maxitems> 
       </config>
      </TCEforms>
     </settings.chairs20000>

     <settings.institute30000>
      <TCEforms>
       <label>LLL:EXT:publist4ubma2/Resources/Private/Language/locallang_be.xlf:pi1_flexform.institute30000</label>
       <onChange>reload</onChange>
       <config>
        <type>check</type>
       </config>
      </TCEforms>
     </settings.institute30000>
     <settings.chairs30000>
      <TCEforms>
       <displayCond>FIELD:settings.institute30000:=:1</displayCond>
       <config>
        <my_inst>30000</my_inst>
        <type>select</type>
        <itemsProcFunc>Unima\Publist4ubma2\Hooks\ItemsProcFunc->renderChairs</itemsProcFunc>
        <items>
        </items>
        <size>10</size>
        <maxitems>10</maxitems> 
       </config>
      </TCEforms>
     </settings.chairs30000>

     <settings.institute40000>
      <TCEforms>
       <label>LLL:EXT:publist4ubma2/Resources/Private/Language/locallang_be.xlf:pi1_flexform.institute40000</label>
       <onChange>reload</onChange>
       <config>
        <type>check</type>
       </config>
      </TCEforms>
     </settings.institute40000>
     <settings.chairs40000>
      <TCEforms>
       <displayCond>FIELD:settings.institute40000:=:1</displayCond>
       <config>
        <my_inst>40000</my_inst>
        <type>select</type>
        <itemsProcFunc>Unima\Publist4ubma2\Hooks\ItemsProcFunc->renderChairs</itemsProcFunc>
        <items>
        </items>
        <size>10</size>
        <maxitems>10</maxitems> 
       </config>
      </TCEforms>
     </settings.chairs40000>

     <settings.institute50000>
      <TCEforms>
       <label>LLL:EXT:publist4ubma2/Resources/Private/Language/locallang_be.xlf:pi1_flexform.institute50000</label>
       <onChange>reload</onChange>
       <config>
        <type>check</type>
       </config>
      </TCEforms>
     </settings.institute50000>
     <settings.chairs50000>
      <TCEforms>
       <displayCond>FIELD:settings.institute50000:=:1</displayCond>
       <config>
        <my_inst>50000</my_inst>
        <type>select</type>
        <itemsProcFunc>Unima\Publist4ubma2\Hooks\ItemsProcFunc->renderChairs</itemsProcFunc>
        <items>
        </items>
        <size>10</size>
        <maxitems>10</maxitems> 
       </config>
      </TCEforms>
     </settings.chairs50000>

     <settings.institute60000>
      <TCEforms>
       <label>LLL:EXT:publist4ubma2/Resources/Private/Language/locallang_be.xlf:pi1_flexform.institute60000</label>
       <onChange>reload</onChange>
       <config>
        <type>check</type>
       </config>
      </TCEforms>
     </settings.institute60000>
     <settings.chairs60000>
      <TCEforms>
       <displayCond>FIELD:settings.institute60000:=:1</displayCond>
       <config>
        <my_inst>60000</my_inst>
        <type>select</type>
        <itemsProcFunc>Unima\Publist4ubma2\Hooks\ItemsProcFunc->renderChairs</itemsProcFunc>
        <items>
        </items>
        <size>10</size>
        <maxitems>10</maxitems> 
       </config>
      </TCEforms>
     </settings.chairs60000>

     <settings.institute70000>
      <TCEforms>
       <label>LLL:EXT:publist4ubma2/Resources/Private/Language/locallang_be.xlf:pi1_flexform.institute70000</label>
       <onChange>reload</onChange>
       <config>
        <type>check</type>
       </config>
      </TCEforms>
     </settings.institute70000>
     <settings.chairs70000>
      <TCEforms>
       <displayCond>FIELD:settings.institute70000:=:1</displayCond>
       <config>
        <my_inst>70000</my_inst>
        <type>select</type>
        <itemsProcFunc>Unima\Publist4ubma2\Hooks\ItemsProcFunc->renderChairs</itemsProcFunc>
        <items>
        </items>
        <size>10</size>
        <maxitems>10</maxitems> 
       </config>
      </TCEforms>
     </settings.chairs70000>

     <settings.institute80000>
      <TCEforms>
       <label>LLL:EXT:publist4ubma2/Resources/Private/Language/locallang_be.xlf:pi1_flexform.institute80000</label>
       <onChange>reload</onChange>
       <config>
        <type>check</type>
       </config>
      </TCEforms>
     </settings.institute80000>
     <settings.chairs80000>
      <TCEforms>
       <displayCond>FIELD:settings.institute80000:=:1</displayCond>
       <config>
        <my_inst>80000</my_inst>
        <type>select</type>
        <itemsProcFunc>Unima\Publist4ubma2\Hooks\ItemsProcFunc->renderChairs</itemsProcFunc>
        <items>
        </items>
        <size>10</size>
        <maxitems>10</maxitems> 
       </config>
      </TCEforms>
     </settings.chairs80000>

    </el>
   </ROOT>
  </lsSelect>


  <rendering>
   <ROOT>
    <TCEforms>
    <sheetTitle>LLL:EXT:publist4ubma2/Resources/Private/Language/locallang_be.xlf:pi1_flexform.rendering</sheetTitle>
    </TCEforms>
    <type>array</type>
    <el>

     <settings.templateLayout>
      <TCEforms>
       <label>LLL:EXT:publist4ubma2/Resources/Private/Language/locallang_be.xlf:pi1_flexform.templateLayout</label>
       <config>
        <type>select</type>
        <itemsProcFunc>Unima\Publist4ubma2\Hooks\ItemsProcFunc->user_templateLayout</itemsProcFunc>
        <items>
         <numIndex index="0" type="array">
          <numIndex index="0"></numIndex>
          <numIndex index="1"></numIndex>
         </numIndex>
        </items>
       </config>
      </TCEforms>
     </settings.templateLayout>

     <settings.ordering>
      <TCEforms>
       <label>LLL:EXT:publist4ubma2/Resources/Private/Language/locallang_be.xlf:pi1_flexform.ordering</label>
       <config>
        <type>select</type>
        <items>
         <numIndex index="0" type="array">
            <numIndex index="0">LLL:EXT:publist4ubma2/Resources/Private/Language/locallang_be.xlf:pi1_flexform.ordering.0</numIndex>
            <numIndex index="1">0</numIndex>
         </numIndex>
         <numIndex    index="1" type="array">
            <numIndex index="0">LLL:EXT:publist4ubma2/Resources/Private/Language/locallang_be.xlf:pi1_flexform.ordering.1</numIndex>
            <numIndex index="1">1</numIndex>
         </numIndex>
        </items>
        <maxitems>1</maxitems>
        <minitems>1</minitems>
        <size>1</size>
        <default>0</default>
       </config>
      </TCEforms>
     </settings.ordering>

     <settings.splityears>
      <TCEforms>
       <label>LLL:EXT:publist4ubma2/Resources/Private/Language/locallang_be.xlf:pi1_flexform.splityears</label>
       <config>
        <type>select</type>
        <items>
         <numIndex index="0" type="array">
            <numIndex index="0">LLL:EXT:publist4ubma2/Resources/Private/Language/locallang_be.xlf:pi1_flexform.splityears.0</numIndex>
            <numIndex index="1">0</numIndex>
         </numIndex>
         <numIndex    index="1" type="array">
            <numIndex index="0">LLL:EXT:publist4ubma2/Resources/Private/Language/locallang_be.xlf:pi1_flexform.splityears.1</numIndex>
            <numIndex index="1">1</numIndex>
         </numIndex>
         <numIndex    index="2" type="array">
            <numIndex index="0">LLL:EXT:publist4ubma2/Resources/Private/Language/locallang_be.xlf:pi1_flexform.splityears.2</numIndex>
            <numIndex index="1">2</numIndex>
         </numIndex>
        </items>
        <maxitems>1</maxitems>
        <minitems>1</minitems>
        <size>1</size>
        <default>0</default>
       </config>
      </TCEforms>
     </settings.splityears>

     <settings.splittypes>
      <TCEforms>
       <label>LLL:EXT:publist4ubma2/Resources/Private/Language/locallang_be.xlf:pi1_flexform.splittypes</label>
       <config>
        <type>select</type>
        <items>
         <numIndex index="0" type="array">
            <numIndex index="0">LLL:EXT:publist4ubma2/Resources/Private/Language/locallang_be.xlf:pi1_flexform.splittypes.0</numIndex>
            <numIndex index="1">0</numIndex>
         </numIndex>
         <numIndex    index="1" type="array">
            <numIndex index="0">LLL:EXT:publist4ubma2/Resources/Private/Language/locallang_be.xlf:pi1_flexform.splittypes.1</numIndex>
            <numIndex index="1">1</numIndex>
         </numIndex>
         <numIndex    index="2" type="array">
            <numIndex index="0">LLL:EXT:publist4ubma2/Resources/Private/Language/locallang_be.xlf:pi1_flexform.splittypes.2</numIndex>
            <numIndex index="1">2</numIndex>
         </numIndex>
        </items>
        <maxitems>1</maxitems>
        <minitems>1</minitems>
        <size>1</size>
        <default>0</default>
       </config>
      </TCEforms>
     </settings.splittypes>

     <settings.selecturl>
      <TCEforms>
       <label>LLL:EXT:publist4ubma2/Resources/Private/Language/locallang_be.xlf:pi1_flexform.selecturl</label>
       <config>
        <type>select</type>
        <items>
         <numIndex index="0" type="array">
            <numIndex index="0">LLL:EXT:publist4ubma2/Resources/Private/Language/locallang_be.xlf:pi1_flexform.selecturl.0</numIndex>
            <numIndex index="1">0</numIndex>
         </numIndex>
         <numIndex    index="1" type="array">
            <numIndex index="0">LLL:EXT:publist4ubma2/Resources/Private/Language/locallang_be.xlf:pi1_flexform.selecturl.1</numIndex>
            <numIndex index="1">1</numIndex>
         </numIndex>
        </items>
        <maxitems>1</maxitems>
        <minitems>1</minitems>
        <size>1</size>
        <default>0</default>
       </config>
      </TCEforms>
     </settings.selecturl>


     <settings.enumerate>
      <TCEforms>
       <label>LLL:EXT:publist4ubma2/Resources/Private/Language/locallang_be.xlf:pi1_flexform.enumerate</label>
       <config>
        <type>check</type>
        <default>0</default>
       </config>
      </TCEforms>
     </settings.enumerate> 

     <settings.bibtex>
      <TCEforms>
       <label>LLL:EXT:publist4ubma2/Resources/Private/Language/locallang_be.xlf:pi1_flexform.bibtex</label>
       <config>
        <type>check</type>
        <default>0</default>
       </config>
      </TCEforms>
     </settings.bibtex> 


    </el>
   </ROOT>
  </rendering>

  <expert>
   <ROOT>
    <TCEforms>
    <sheetTitle>LLL:EXT:publist4ubma2/Resources/Private/Language/locallang_be.xlf:pi1_flexform.expert</sheetTitle>
    </TCEforms>
    <type>array</type>
    <el>

     <settings.usecache>
      <TCEforms>
       <label>LLL:EXT:publist4ubma2/Resources/Private/Language/locallang_be.xlf:pi1_flexform.usecache</label>
       <config>
        <type>check</type>
        <default>0</default>
       </config>
      </TCEforms>
     </settings.usecache>


     <settings.debug>
      <TCEforms>
       <label>LLL:EXT:publist4ubma2/Resources/Private/Language/locallang_be.xlf:pi1_flexform.debug</label>
       <config>
        <type>check</type>
        <default>0</default>
       </config>
      </TCEforms>
     </settings.debug>

     <settings.usedirecturl>
      <TCEforms>
       <label>LLL:EXT:publist4ubma2/Resources/Private/Language/locallang_be.xlf:pi1_flexform.usedirecturl</label>
       <onChange>reload</onChange>
       <config>
        <type>check</type>
        <default>0</default>
       </config>
      </TCEforms>
     </settings.usedirecturl>

     <settings.directurl>
      <TCEforms>
       <label>LLL:EXT:publist4ubma2/Resources/Private/Language/locallang_be.xlf:pi1_flexform.directurl</label>
       <displayCond>FIELD:settings.usedirecturl:=:1</displayCond>
       <config>
        <type>input</type>
        <size>50</size>
        <max>500</max>
        <default>https://ub-madoc.bib.uni-mannheim.de/cgi/search/advanced//export_madoc_XML.xml......</default>
       </config>
      </TCEforms>
     </settings.directurl>

    </el>
   </ROOT>
  </expert>
 </sheets>
</T3DataStructure>

